question,answer
Where can I find a mess near my college?,You can search for nearby mess facilities by entering your city or area and selecting the Mess category.
I am a student looking for a mess. Can you help me?,"Yes. You can search mess listings by location, area, budget, and other available details."
Can I search for messes by area?,Yes. You can search using a specific neighborhood or area.
Can I search for a mess within my budget?,Yes. You can set a maximum price to find mess options within your budget.
Do you have mess options for students?,Yes. The platform includes mess and food facilities intended for students and other seekers.
Can I see the price before choosing a mess?,Yes. The listing shows the available price information so you can compare options.
Can I see pictures of the mess before booking?,Yes. Listings can include image galleries so you can see the place before making a decision.
How do I know what facilities a mess provides?,You can check the amenities and service details shown in the mess listing.
Does the mess provide food every day?,Check the individual listing for its food and service details.
How many meals are provided in a mess?,Meal availability depends on the mess. Check the listing details for the available food service.
Can I find a mess with three meals a day?,"Yes, if a listing provides three-time food, that information can be shown in its amenities or description."
Can I find a mess near my office?,Yes. Search by the city or nearby area where your office is located.
I am moving to a new city. Can I find a mess there?,Yes. Select or search the city and look through the available Mess listings.
Can I search for a mess in Kolkata?,Yes. You can search for Mess listings by entering Kolkata as the location.
Can I search for a mess in Bangalore?,Yes. You can search for Mess listings in Bangalore and narrow them down by area and budget.
Can I find a mess in Delhi?,Yes. Search for Mess listings in Delhi and use the available filters to narrow your choices.
Can I find a mess in Kota?,"Yes. Mess listings can be searched by location, including Kota when listings are available."
Can I compare different mess options?,"Yes. You can look through multiple listings and compare their prices, locations, amenities, and other details."
How can I find a cheaper mess?,Set your maximum budget and search for mess listings that fit within it.
I want a mess close to my area. What should I do?,Search using your neighborhood or area to find nearby listings.
Can I see the exact area of a mess?,"Yes. Listings can include the city, neighborhood area, and address details."
Can I see the address before booking?,Yes. Check the detailed listing information for the available address.
Can I contact the mess owner?,"Yes. If the listing provides a WhatsApp contact option, you can contact the owner directly."
How can I contact the owner about food and pricing?,You can use the available WhatsApp contact option to ask the owner about details such as food and pricing.
Can I ask the owner questions before booking?,Yes. You can contact the owner directly through the available contact option before making a booking request.
I found a mess I like. Can I book it?,Yes. You can submit a booking request from the listing if the option is available.
How do I book a mess?,"Open the mess listing, review the details, and submit your booking request with your required move-in date and stay duration."
Can I choose my move-in date?,Yes. A booking request can include your desired move-in date.
Can I book a mess for several months?,Yes. You can specify your expected stay duration when submitting a booking request.
I want to stay for six months. Can I request that?,Yes. You can mention a six-month stay duration in your booking request.
Can I mention any special preference while booking?,"Yes. You can add notes to your booking request, such as a preference for a particular floor."
Can I request an upper-floor room?,Yes. You can mention an upper-floor preference in the notes when submitting your booking request.
What happens after I send a booking request?,"Your request is submitted for review, and its status can later be confirmed or rejected."
How do I know whether my booking is confirmed?,"Your booking status can show whether the request is Pending, Confirmed, or Rejected."
What does Pending mean for my booking?,Pending means your booking request has been submitted but has not yet been confirmed or rejected.
What does Confirmed mean?,Confirmed means the booking request has been approved.
What does Rejected mean?,Rejected means the booking request was not approved.
Can I book a PG instead of a mess?,"Yes. The platform supports PG, Flat, and Mess listings."
Can I search for both PG and mess options?,Yes. You can explore PG and Mess listings and compare the available options.
I am looking for a place with food and accommodation. What should I search for?,You can explore PG listings with food-related amenities as well as separate Mess listings.
Can I find a furnished place with food?,Yes. You can use the available filters and listing details to look for furnished accommodation and food facilities.
Can I search for a semi-furnished place?,"Yes. Furnishing can be filtered as Furnished, Semi-Furnished, or Unfurnished for supported listings."
Can I find a place with Wi-Fi and food?,Yes. Check the amenities of each listing for facilities such as Wi-Fi and food service.
Can I see the room type before booking?,"Yes. The listing details can include the room type, such as Double Sharing."
Can I find a shared room?,Yes. Check the room type shown in the listing to find available shared accommodation.
Can I check the security deposit before booking?,Yes. Detailed accommodation listings can show the rent and security deposit.
Why is the security deposit important?,"The security deposit is an additional amount shown separately from the rent, so you can understand the initial cost before requesting a booking."
Can I find a place based on maximum rent?,Yes. You can set a maximum rent budget while searching.
I don't know which area to choose. Can I browse available options?,"Yes. You can browse available listings and compare their locations, prices, amenities, and other details."
Can I search using keywords?,"Yes. You can use keywords to find listings matching details such as title, location, area, room type, or description."
Can I see owner or caretaker details?,Yes. Some accommodation listings can include owner or caretaker profile information.
Can I contact the caretaker before booking?,"If contact information is provided in the listing, you can use the available contact option to ask questions before booking."
I am a bachelor looking for accommodation and food. Can this platform help me?,"Yes. The platform is designed to help students, interns, and working professionals find PGs, flats, and mess facilities."
Hi,"Hello! How can I help you find a suitable mess, PG, or flat?"
Hello,Hello! How can I help you with your accommodation or mess search?
Hey,"Hey! I can help you find a mess, PG, or flat based on your needs."
Good morning,Good morning! How can I help you today?
Good afternoon,Good afternoon! How can I help you find a suitable place?
Good evening,Good evening! How can I help you with your mess or accommodation search?
Good night,"Good night! If you need help finding a mess, PG, or flat, I'm here to help."
How are you?,"I'm doing well! I'm ready to help you find a suitable mess, PG, or flat."
What is your name?,"I'm the Mess Hunting Assistant. I can help you find messes, PGs, and flats."
Who are you?,"I'm the Mess Hunting Assistant, here to help students and seekers find suitable accommodation and food facilities."
What can you do?,"I can help you search for messes, PGs, and flats based on location, budget, amenities, and other preferences."
Can you help me?,"Of course! Tell me your preferred location, budget, or accommodation type, and I'll guide you."
I need help,"Sure! I can help you find a mess, PG, or flat. Tell me what you are looking for."
Thanks,You're welcome! I'm happy to help.
Thank you,You're welcome! Let me know if you need help finding another option.
Bye,Goodbye! I hope you find a suitable mess or accommodation.
Goodbye,Goodbye! Have a great day and best of luck with your search.
See you later,See you later! Feel free to come back whenever you need help.
Okay,Sure! Let me know what you'd like to search for.
Nice to meet you,Nice to meet you too! How can I help with your mess or accommodation search?
Are you available?,"Yes, I'm here to help you with your mess, PG, and flat search."
